{
    "0.2": [
        "完成了evaljs",
        "lock正在开发"
    ],
    "0.3": [
        "完成了lock"
    ],
    "0.4": [
        "修改了语句宽度与行数",
        "有会语句自适应的可以给我讲讲吗？一直获取不到逻辑语句总宽度"
    ],
    "0.5": [
        "给语句lock增加了对内存对象判空的步骤",
        "修复了项目构建备份脚本在同时出现一个以上*.bak文件时会卡死的bug",
        "使用独立变量 err 进行错误输出",
        "增加了语句 sort",
        "增加了语句 swap",
        "增加了语句 reverse",
        "mod 封面图更换至 256*256 大小，以减少压缩包的大小"
    ],
    "0.6": [
        "取消了 reverse 可以对反向输入自动反转的功能",
        "再次缩小了封面图大小"
    ],
    "0.7": [
        "为 reverse 加上了步数, 以适应更多的使用场景",
        "evaljs 增加内置函数 tb(x)"
    ],
    "0.8": [
        "修复了关于 reverse 的一个bug"
    ],
    "0.9": [
        "更新了文档中关于 reverse 的说明",
        "修复了 evaljs 当 err 存在值时未发生异常并不会将其重置的 bug",
        "增加 evaljs 返回 undefine 时的转换, 修改获取 type 的方式",
        "增加建筑 super-message",
        "完善了一些 evaljs 的文档",
        "小改了加载脚本的log",
        "evaljs 增加函数 df(text)",
        "evaljs 增加函数宏展开模式",
        "增加在进入 evaljs 时重置 stdout 和 stderr"
    ],
    "1.0": [
        "修复了一个 evaljs 的 bug, 关于宏展开对 result 的替换的"
    ],
    "1.1": [
        "evaljs 新增函数 echo, 当目标为 null 时使用覆盖, 否则追加字符串",
        "evaljs 默认输出使用 echo",
        "evaljs 新增别名 ot = this.output",
        "新增简单函数 String().fmt",
        "重写了 evaljs 的宏展开部分",
        "修改了构建脚本"
    ],
    "1.2": [
        "evaljs 的自动返回因非 null or undefined 的对象可能没有 constructor 属性, 导致崩溃. 现已使用 instanceof 替代",
        "为 evaljs 增加 message.{updatemsg,append} 来对信息板瞬间输出更多信息",
        "修复 evaljs 宏展开部分的参数列表只允许单长变量的bug",
        "优化了一些自带函数定义",
        "因mdt的bug，导致不得不修改了一些代码，具体参见scripts/inst/evaljs.js:260"
    ]
}